{
  "timestamp": "2025-10-29T12:17:16.935302",
  "dataset_size": 2714,
  "categories": [
    "その他",
    "コンディション",
    "スケジュール",
    "感謝・応援",
    "成績",
    "戦術",
    "練習",
    "試合",
    "道具"
  ],
  "results": {
    "classification": {
      "accuracy": 0.46593001841620624,
      "report": {
        "その他": {
          "precision": 0.2708333333333333,
          "recall": 0.2653061224489796,
          "f1-score": 0.26804123711340205,
          "support": 49.0
        },
        "コンディション": {
          "precision": 0.0,
          "recall": 0.0,
          "f1-score": 0.0,
          "support": 8.0
        },
        "スケジュール": {
          "precision": 0.452755905511811,
          "recall": 0.6460674157303371,
          "f1-score": 0.5324074074074074,
          "support": 178.0
        },
        "感謝・応援": {
          "precision": 0.5220588235294118,
          "recall": 0.6454545454545455,
          "f1-score": 0.5772357723577236,
          "support": 110.0
        },
        "成績": {
          "precision": 0.0,
          "recall": 0.0,
          "f1-score": 0.0,
          "support": 7.0
        },
        "戦術": {
          "precision": 0.0,
          "recall": 0.0,
          "f1-score": 0.0,
          "support": 2.0
        },
        "練習": {
          "precision": 0.6285714285714286,
          "recall": 0.3963963963963964,
          "f1-score": 0.4861878453038674,
          "support": 111.0
        },
        "試合": {
          "precision": 0.32142857142857145,
          "recall": 0.140625,
          "f1-score": 0.1956521739130435,
          "support": 64.0
        },
        "道具": {
          "precision": 1.0,
          "recall": 0.07142857142857142,
          "f1-score": 0.13333333333333333,
          "support": 14.0
        },
        "accuracy": 0.46593001841620624,
        "macro avg": {
          "precision": 0.3550720069305062,
          "recall": 0.24058645016209226,
          "f1-score": 0.24365086326986413,
          "support": 543.0
        },
        "weighted avg": {
          "precision": 0.4707747923490389,
          "recall": 0.46593001841620624,
          "f1-score": 0.4415354156947616,
          "support": 543.0
        }
      }
    },
    "patterns": {
      "category_distribution": {
        "スケジュール": 891,
        "練習": 555,
        "感謝・応援": 550,
        "試合": 321,
        "その他": 244,
        "道具": 70,
        "成績": 37,
        "コンディション": 37,
        "戦術": 9
      },
      "top_mentioned_players": {
        "新": 232,
        "朋樹": 223,
        "優": 216,
        "尚真": 214,
        "心翔": 206,
        "広起": 192,
        "陽": 190,
        "穂美": 180,
        "湊": 146,
        "想真": 144
      },
      "message_length_stats": {
        "mean": 124.29513633014001,
        "median": 93.0,
        "max": 951,
        "min": 4
      },
      "hourly_distribution": {
        "0.0": 5,
        "2.0": 1,
        "3.0": 2,
        "4.0": 3,
        "5.0": 24,
        "6.0": 73,
        "7.0": 192,
        "8.0": 234,
        "9.0": 165,
        "10.0": 135,
        "11.0": 110,
        "12.0": 170,
        "13.0": 146,
        "14.0": 123,
        "15.0": 112,
        "16.0": 141,
        "17.0": 158,
        "18.0": 190,
        "19.0": 192,
        "20.0": 214,
        "21.0": 192,
        "22.0": 100,
        "23.0": 30
      }
    }
  }
}